TERM,TYPE
4r5e,PROFANITY
5h1t,PROFANITY
5hit,PROFANITY
a55,PROFANITY
anal,PROFANITY
anus,PROFANITY
ar5e,PROFANITY
arrse,PROFANITY
arse,PROFANITY
ass-fucker,PROFANITY
asses,PROFANITY
assfucker,PROFANITY
assfukka,PROFANITY
asshole,PROFANITY
assholes,PROFANITY
asswhole,PROFANITY
a_s_s,PROFANITY
b!tch,PROFANITY
b00bs,PROFANITY
b17ch,PROFANITY
b1tch,PROFANITY
ballbag,PROFANITY
balls,PROFANITY
ballsack,PROFANITY
beastial,PROFANITY
beastiality,PROFANITY
bellend,PROFANITY
bestial,PROFANITY
bestiality,PROFANITY
bi+ch,PROFANITY
biatch,PROFANITY
bitch,PROFANITY
bitcher,PROFANITY
bitchers,PROFANITY
bitches,PROFANITY
bitchin,PROFANITY
bitching,PROFANITY
bloody,PROFANITY
blow job,PROFANITY
blowjob,PROFANITY
blowjobs,PROFANITY
boiolas,PROFANITY
bollock,PROFANITY
bollok,PROFANITY
boner,PROFANITY
boob,PROFANITY
boobs,PROFANITY
booobs,PROFANITY
boooobs,PROFANITY
booooobs,PROFANITY
booooooobs,PROFANITY
breasts,PROFANITY
buceta,PROFANITY
bugger,PROFANITY
bum,PROFANITY
bunny fucker,PROFANITY
butt,PROFANITY
butthole,PROFANITY
buttmuch,PROFANITY
buttplug,PROFANITY
c0ck,PROFANITY
c0cksucker,PROFANITY
carpet muncher,PROFANITY
cawk,PROFANITY
cipa,PROFANITY
cl1t,PROFANITY
clit,PROFANITY
clitoris,PROFANITY
clits,PROFANITY
cnut,PROFANITY
cock-sucker,PROFANITY
cockface,PROFANITY
cockhead,PROFANITY
cockmunch,PROFANITY
cockmuncher,PROFANITY
cocksuck,PROFANITY
cocksucked,PROFANITY
cocksucker,PROFANITY
cocksucking,PROFANITY
cocksucks,PROFANITY
cocksuka,PROFANITY
cocksukka,PROFANITY
cok,PROFANITY
cokmuncher,PROFANITY
coksucka,PROFANITY
crap,PROFANITY
cummer,PROFANITY
cumshot,PROFANITY
cunilingus,PROFANITY
cunillingus,PROFANITY
cunnilingus,PROFANITY
cunt,PROFANITY
cuntlick,PROFANITY
cuntlicker,PROFANITY
cuntlicking,PROFANITY
cunts,PROFANITY
cyalis,PROFANITY
cyberfuc,PROFANITY
cyberfuck,PROFANITY
cyberfucked,PROFANITY
cyberfucker,PROFANITY
cyberfuckers,PROFANITY
cyberfucking,PROFANITY
d1ck,PROFANITY
damn,PROFANITY
dickhead,PROFANITY
dildo,PROFANITY
dildos,PROFANITY
dirsa,PROFANITY
dog-fucker,PROFANITY
doggin,PROFANITY
dogging,PROFANITY
donkeyribber,PROFANITY
doosh,PROFANITY
douche,PROFANITY
dyke,PROFANITY
ejaculate,PROFANITY
ejaculated,PROFANITY
ejaculates,PROFANITY
ejaculating,PROFANITY
ejaculatings,PROFANITY
ejaculation,PROFANITY
ejakulate,PROFANITY
f u c k,PROFANITY
f u c k e r,PROFANITY
f4nny,PROFANITY
fag,PROFANITY
fagging,PROFANITY
faggitt,PROFANITY
faggot,PROFANITY
faggs,PROFANITY
fagot,PROFANITY
fagots,PROFANITY
fags,PROFANITY
fannyflaps,PROFANITY
fannyfucker,PROFANITY
fatass,PROFANITY
fcuk,PROFANITY
fcuker,PROFANITY
fcuking,PROFANITY
feck,PROFANITY
fecker,PROFANITY
felching,PROFANITY
fellate,PROFANITY
fellatio,PROFANITY
fingerfuck,PROFANITY
fingerfucked,PROFANITY
fingerfucker,PROFANITY
fingerfuckers,PROFANITY
fingerfucking,PROFANITY
fingerfucks,PROFANITY
fistfuck,PROFANITY
fistfucked,PROFANITY
fistfucker,PROFANITY
fistfuckers,PROFANITY
fistfucking,PROFANITY
fistfuckings,PROFANITY
fistfucks,PROFANITY
flange,PROFANITY
fook,PROFANITY
fooker,PROFANITY
fuck,PROFANITY
fucka,PROFANITY
fucked,PROFANITY
fucker,PROFANITY
fuckers,PROFANITY
fuckhead,PROFANITY
fuckheads,PROFANITY
fuckin,PROFANITY
fucking,PROFANITY
fuckings,PROFANITY
fuckingshitmotherfucker,PROFANITY
fuckme,PROFANITY
fucks,PROFANITY
fuckwhit,PROFANITY
fuckwit,PROFANITY
fudge packer,PROFANITY
fudgepacker,PROFANITY
fuk,PROFANITY
fuker,PROFANITY
fukker,PROFANITY
fukkin,PROFANITY
fuks,PROFANITY
fukwhit,PROFANITY
fukwit,PROFANITY
fux,PROFANITY
fux0r,PROFANITY
f_u_c_k,PROFANITY
gangbang,PROFANITY
gangbanged,PROFANITY
gangbangs,PROFANITY
gaylord,PROFANITY
gaysex,PROFANITY
goatse,PROFANITY
god-dam,PROFANITY
god-damned,PROFANITY
goddamn,PROFANITY
goddamned,PROFANITY
hardcoresex,PROFANITY
hell,PROFANITY
heshe,PROFANITY
hoer,PROFANITY
homo,PROFANITY
hore,PROFANITY
horniest,PROFANITY
horny,PROFANITY
hotsex,PROFANITY
jack-off,PROFANITY
jackoff,PROFANITY
jap,PROFANITY
jerk-off,PROFANITY
jism,PROFANITY
jiz,PROFANITY
jizm,PROFANITY
jizz,PROFANITY
kawk,PROFANITY
knob,PROFANITY
knobead,PROFANITY
knobed,PROFANITY
knobend,PROFANITY
knobhead,PROFANITY
knobjocky,PROFANITY
knobjokey,PROFANITY
kock,PROFANITY
kondum,PROFANITY
kondums,PROFANITY
kum,PROFANITY
kummer,PROFANITY
kumming,PROFANITY
kums,PROFANITY
kunilingus,PROFANITY
l3i+ch,PROFANITY
l3itch,PROFANITY
labia,PROFANITY
lmfao,PROFANITY
lust,PROFANITY
lusting,PROFANITY
m0f0,PROFANITY
m0fo,PROFANITY
m45terbate,PROFANITY
ma5terb8,PROFANITY
ma5terbate,PROFANITY
masochist,PROFANITY
master-bate,PROFANITY
masterb8,PROFANITY
masterbat*,PROFANITY
masterbat3,PROFANITY
masterbate,PROFANITY
masterbation,PROFANITY
masterbations,PROFANITY
masturbate,PROFANITY
mo-fo,PROFANITY
mof0,PROFANITY
mofo,PROFANITY
mothafuck,PROFANITY
mothafucka,PROFANITY
mothafuckas,PROFANITY
mothafuckaz,PROFANITY
mothafucked,PROFANITY
mothafucker,PROFANITY
mothafuckers,PROFANITY
mothafuckin,PROFANITY
mothafucking,PROFANITY
mothafuckings,PROFANITY
mothafucks,PROFANITY
mother fucker,PROFANITY
motherfuck,PROFANITY
motherfucked,PROFANITY
motherfucker,PROFANITY
motherfuckers,PROFANITY
motherfuckin,PROFANITY
motherfucking,PROFANITY
motherfuckings,PROFANITY
motherfuckka,PROFANITY
motherfucks,PROFANITY
muff,PROFANITY
mutha,PROFANITY
muthafecker,PROFANITY
muthafuckker,PROFANITY
muther,PROFANITY
mutherfucker,PROFANITY
n1gga,PROFANITY
n1gger,PROFANITY
nigg3r,PROFANITY
nigg4h,PROFANITY
nigga,PROFANITY
niggah,PROFANITY
niggas,PROFANITY
niggaz,PROFANITY
nigger,PROFANITY
niggers,PROFANITY
nob,PROFANITY
nob jokey,PROFANITY
nobhead,PROFANITY
nobjocky,PROFANITY
nobjokey,PROFANITY
numbnuts,PROFANITY
nutsack,PROFANITY
orgasim,PROFANITY
orgasims,PROFANITY
orgasm,PROFANITY
orgasms,PROFANITY
p0rn,PROFANITY
pawn,PROFANITY
pecker,PROFANITY
penis,PROFANITY
penisfucker,PROFANITY
phonesex,PROFANITY
phuck,PROFANITY
phuk,PROFANITY
phuked,PROFANITY
phuking,PROFANITY
phukked,PROFANITY
phukking,PROFANITY
phuks,PROFANITY
phuq,PROFANITY
pigfucker,PROFANITY
pimpis,PROFANITY
piss,PROFANITY
pissed,PROFANITY
pisser,PROFANITY
pissers,PROFANITY
pisses,PROFANITY
pissflaps,PROFANITY
pissin,PROFANITY
pissing,PROFANITY
pissoff,PROFANITY
poop,PROFANITY
porn,PROFANITY
porno,PROFANITY
pornography,PROFANITY
pornos,PROFANITY
prick,PROFANITY
pricks,PROFANITY
pron,PROFANITY
pube,PROFANITY
pusse,PROFANITY
pussi,PROFANITY
pussies,PROFANITY
pussy,PROFANITY
pussys,PROFANITY
rectum,PROFANITY
retard,PROFANITY
rimjaw,PROFANITY
rimming,PROFANITY
s hit,PROFANITY
s.o.b.,PROFANITY
sadist,PROFANITY
schlong,PROFANITY
screwing,PROFANITY
scroat,PROFANITY
scrote,PROFANITY
scrotum,PROFANITY
semen,PROFANITY
sh!+,PROFANITY
sh!t,PROFANITY
sh1t,PROFANITY
shag,PROFANITY
shagger,PROFANITY
shaggin,PROFANITY
shagging,PROFANITY
shemale,PROFANITY
shi+,PROFANITY
shit,PROFANITY
shitdick,PROFANITY
shite,PROFANITY
shited,PROFANITY
shitey,PROFANITY
shitfuck,PROFANITY
shitfull,PROFANITY
shithead,PROFANITY
shiting,PROFANITY
shitings,PROFANITY
shits,PROFANITY
shitted,PROFANITY
shitter,PROFANITY
shitters,PROFANITY
shitting,PROFANITY
shittings,PROFANITY
shitty,PROFANITY
skank,PROFANITY
slut,PROFANITY
sluts,PROFANITY
smegma,PROFANITY
smut,PROFANITY
snatch,PROFANITY
son-of-a-bitch,PROFANITY
spunk,PROFANITY
s_h_i_t,PROFANITY
t1tt1e5,PROFANITY
t1tties,PROFANITY
teets,PROFANITY
teez,PROFANITY
testical,PROFANITY
testicle,PROFANITY
tit,PROFANITY
titfuck,PROFANITY
tits,PROFANITY
titt,PROFANITY
tittie5,PROFANITY
tittiefucker,PROFANITY
titties,PROFANITY
tittyfuck,PROFANITY
tittywank,PROFANITY
titwank,PROFANITY
tosser,PROFANITY
turd,PROFANITY
tw4t,PROFANITY
twat,PROFANITY
twathead,PROFANITY
twatty,PROFANITY
twunt,PROFANITY
twunter,PROFANITY
v14gra,PROFANITY
v1gra,PROFANITY
vagina,PROFANITY
viagra,PROFANITY
vulva,PROFANITY
w00se,PROFANITY
wang,PROFANITY
wank,PROFANITY
wanker,PROFANITY
wanky,PROFANITY
whoar,PROFANITY
whore,PROFANITY
willies,PROFANITY
xrated,PROFANITY
xxx,PROFANITY